Activity Date,Process Date,Settle Date,Instrument,Description,Trans Code,Quantity,Price,Amount,Delta Quantity
11/01/2024,11/01/2024,11/04/2024,QQQ,"Invesco QQQ
CUSIP: 46090E103
Dividend Reinvestment",Buy,0.001305,$490.11,($0.64),0.001305
10/31/2024,10/31/2024,10/31/2024,QQQ,Cash Div: R/D 2024-09-23 P/D 2024-10-31 - 0.950586 shares at 0.67686,CDIV,,,$0.64,0
10/23/2024,10/23/2024,10/24/2024,INDA,"iShares MSCI India ETF
CUSIP: 46429B598",Buy,3,$55.45,($166.35),3
10/23/2024,10/23/2024,10/24/2024,INDA,"iShares MSCI India ETF
CUSIP: 46429B598",Buy,2,$55.45,($110.90),2
10/07/2024,10/07/2024,10/07/2024,XLRE,Stock Lending,SLIP,,,$0.01,0
10/07/2024,10/07/2024,10/07/2024,VOO,Stock Lending,SLIP,,,$0.01,0
10/07/2024,10/07/2024,10/07/2024,VWO,Stock Lending,SLIP,,,$0.01,0
10/07/2024,10/07/2024,10/07/2024,MCHI,Stock Lending,SLIP,,,$0.01,0
10/07/2024,10/07/2024,10/07/2024,ARKW,Stock Lending,SLIP,,,$0.01,0
10/07/2024,10/07/2024,10/07/2024,ARKQ,Stock Lending,SLIP,,,$0.01,0
10/07/2024,10/07/2024,10/07/2024,ARKF,Stock Lending,SLIP,,,$0.01,0
10/07/2024,10/07/2024,10/07/2024,INDA,Stock Lending,SLIP,,,$0.01,0
10/07/2024,10/07/2024,10/07/2024,AVEM,Stock Lending,SLIP,,,$0.01,0
10/07/2024,10/07/2024,10/07/2024,ARKX,Stock Lending,SLIP,,,$0.01,0
10/07/2024,10/07/2024,10/07/2024,TLT,Stock Lending,SLIP,,,$0.01,0
10/07/2024,10/07/2024,10/07/2024,IJR,Stock Lending,SLIP,,,$0.01,0
10/07/2024,10/07/2024,10/07/2024,ARKK,Stock Lending,SLIP,,,$0.01,0
10/07/2024,10/07/2024,10/08/2024,TLT,"iShares 20+ Year Treasury Bond ETF
CUSIP: 464287432
Dividend Reinvestment",Buy,0.047375,$94.99,($4.50),0.047375
10/04/2024,10/04/2024,10/04/2024,TLT,Cash Div: R/D 2024-10-01 P/D 2024-10-04 - 14.257388 shares at 0.315755,CDIV,,,$4.50,0
10/02/2024,10/02/2024,10/03/2024,VOO,"Vanguard S&P 500 ETF
CUSIP: 922908363
Dividend Reinvestment",Buy,0.176792,$522.59,($92.39),0.176792
10/01/2024,10/01/2024,10/01/2024,VOO,Cash Div: R/D 2024-09-27 P/D 2024-10-01 - 56.382054 shares at 1.6386,CDIV,,,$92.39,0
10/01/2024,10/01/2024,10/02/2024,IJR,"iShares S&P SmallCap 600 ETF
CUSIP: 464287804
Dividend Reinvestment",Buy,0.095378,$114.91,($10.96),0.095378
9/30/2024,9/30/2024,9/30/2024,IJR,Cash Div: R/D 2024-09-25 P/D 2024-09-30 - 21.290922 shares at 0.514828,CDIV,,,$10.96,0
9/30/2024,9/30/2024,10/01/2024,PBR.A,"Petrobras
CUSIP: 71654V101
Dividend Reinvestment",Buy,0.660854,$13.18,($8.71),0.660854
9/30/2024,9/30/2024,10/01/2024,PBR.A,"Petrobras
CUSIP: 71654V101
Dividend Reinvestment",Buy,0.0956,$13.18,($1.26),0.0956
9/27/2024,9/27/2024,9/27/2024,PBR.A,Foreign Tax Witholding at $0.22,DTAX,,,($0.22),0
9/27/2024,9/27/2024,9/27/2024,PBR.A,Cash Div: R/D 2024-06-13 P/D 2024-09-27 - 55.081659 shares at 0.0268033,CDIV,,,$1.48,0
9/27/2024,9/27/2024,9/27/2024,PBR.A,Cash Div: R/D 2024-06-13 P/D 2024-09-27 - 55.081659 shares at 0.163276,CDIV,,,$8.99,0
9/27/2024,9/27/2024,9/27/2024,PBR.A,Sponsored ADR: Agency Processing Fee at $0.28,DFEE,,,($0.28),0
9/26/2024,9/26/2024,9/27/2024,XLRE,"Real Estate Select Sector SPDR ETF
CUSIP: 81369Y860
Dividend Reinvestment",Buy,0.400494,$44.47,($17.81),0.400494
9/25/2024,9/25/2024,9/25/2024,XLRE,Cash Div: R/D 2024-09-23 P/D 2024-09-25 - 57.172922 shares at 0.311485,CDIV,,,$17.81,0
9/25/2024,9/25/2024,9/26/2024,VWO,"Vanguard FTSE Emerging Markets Fund
CUSIP: 922042858
Dividend Reinvestment",Buy,0.053996,$47.04,($2.54),0.053996
9/24/2024,9/24/2024,9/24/2024,VWO,Cash Div: R/D 2024-09-20 P/D 2024-09-24 - 18.866485 shares at 0.1344,CDIV,,,$2.54,0
9/17/2024,9/17/2024,9/18/2024,NEE,"NextEra Energy
CUSIP: 65339F101
Dividend Reinvestment",Buy,0.079617,$84.78,($6.75),0.079617
9/16/2024,9/16/2024,9/16/2024,NEE,Cash Div: R/D 2024-08-30 P/D 2024-09-16 - 13.110713 shares at 0.515,CDIV,,,$6.75,0
09/09/2024,09/09/2024,09/09/2024,XLRE,Stock Lending,SLIP,,,$0.01,0
09/09/2024,09/09/2024,09/09/2024,IJR,Stock Lending,SLIP,,,$0.01,0
09/09/2024,09/09/2024,09/09/2024,MCHI,Stock Lending,SLIP,,,$0.01,0
09/09/2024,09/09/2024,09/09/2024,INDA,Stock Lending,SLIP,,,$0.01,0
09/09/2024,09/09/2024,09/09/2024,VWO,Stock Lending,SLIP,,,$0.01,0
09/09/2024,09/09/2024,09/09/2024,VOO,Stock Lending,SLIP,,,$0.01,0
09/09/2024,09/09/2024,09/09/2024,ARKQ,Stock Lending,SLIP,,,$0.01,0
09/09/2024,09/09/2024,09/09/2024,ARKW,Stock Lending,SLIP,,,$0.01,0
09/09/2024,09/09/2024,09/09/2024,ARKX,Stock Lending,SLIP,,,$0.01,0
09/09/2024,09/09/2024,09/09/2024,AVEM,Stock Lending,SLIP,,,$0.01,0
09/09/2024,09/09/2024,09/09/2024,TLT,Stock Lending,SLIP,,,$0.01,0
09/09/2024,09/09/2024,09/09/2024,ARKK,Stock Lending,SLIP,,,$0.01,0
09/09/2024,09/09/2024,09/09/2024,ARKF,Stock Lending,SLIP,,,$0.01,0
09/09/2024,09/09/2024,09/10/2024,TLT,"iShares 20+ Year Treasury Bond ETF
CUSIP: 464287432
Dividend Reinvestment",Buy,0.044665,$99.63,($4.45),0.044665
09/09/2024,09/09/2024,09/10/2024,VOO,"Vanguard S&P 500 ETF
CUSIP: 922908363",Buy,0.49976,$500.24,($250.00),0.49976
09/09/2024,09/09/2024,09/10/2024,AVEM,"Avantis Emerging Markets Equity
CUSIP: 025072604",Buy,12.598689,$59.53,($750.00),12.598689
09/06/2024,09/06/2024,09/06/2024,TLT,Cash Div: R/D 2024-09-03 P/D 2024-09-06 - 14.212723 shares at 0.312782,CDIV,,,$4.45,0
09/06/2024,09/06/2024,09/09/2024,QQQ,"Invesco QQQ
CUSIP: 46090E103",Sell,1,$454.00,$454.00,-1
09/04/2024,09/04/2024,09/05/2024,AVEM,"Avantis Emerging Markets Equity
CUSIP: 025072604",Buy,0.023968,$60.05,($1.44),0.023968
09/04/2024,09/04/2024,09/05/2024,AVEM,"Avantis Emerging Markets Equity
CUSIP: 025072604",Buy,4.969355,$60.08,($298.56),4.969355
09/04/2024,09/04/2024,09/05/2024,MCHI,"iShares MSCI China ETF
CUSIP: 46429B671",Buy,0.016715,$41.28,($0.69),0.016715
09/04/2024,09/04/2024,09/05/2024,MCHI,"iShares MSCI China ETF
CUSIP: 46429B671",Buy,6.039376,$41.28,($249.31),6.039376
09/04/2024,09/04/2024,09/05/2024,VOO,"Vanguard S&P 500 ETF
CUSIP: 922908363",Buy,0.000039,$505.71,($0.02),0.000039
09/04/2024,09/04/2024,09/05/2024,VOO,"Vanguard S&P 500 ETF
CUSIP: 922908363",Buy,0.988669,$505.71,($499.98),0.988669
8/28/2024,8/28/2024,8/29/2024,PBR.A,"Petrobras
CUSIP: 71654V101
Dividend Reinvestment",Buy,0.605742,$14.28,($8.65),0.605742
8/27/2024,8/27/2024,8/27/2024,PBR.A,Foreign Tax Witholding at $1.58,DTAX,,,($1.58),0
8/27/2024,8/27/2024,8/27/2024,PBR.A,Sponsored ADR: Agency Processing Fee at $0.28,DFEE,,,($0.28),0
8/27/2024,8/27/2024,8/27/2024,PBR.A,Cash Div: R/D 2024-06-13 P/D 2024-08-27 - 55.081659 shares at 0.1908739,CDIV,,,$10.51,0
8/15/2024,8/15/2024,8/16/2024,QQQ,"Invesco QQQ
CUSIP: 46090E103
Recurring",Buy,0.105598,$473.49,($50.00),0.105598
08/12/2024,08/12/2024,8/13/2024,ARKK,"ARK Innovation ETF
CUSIP: 00214Q104
Recurring",Buy,1.215657,$41.13,($50.00),1.215657
08/12/2024,08/12/2024,8/13/2024,VOO,"Vanguard S&P 500 ETF
CUSIP: 922908363",Buy,0.142563,$491.02,($70.00),0.142563
08/12/2024,08/12/2024,8/13/2024,INDA,"iShares MSCI India ETF
CUSIP: 46429B598",Buy,0.000717,$55.78,($0.04),0.000717
08/12/2024,08/12/2024,8/13/2024,INDA,"iShares MSCI India ETF
CUSIP: 46429B598",Buy,0.895656,$55.78,($49.96),0.895656
08/08/2024,08/08/2024,08/09/2024,QQQ,"Invesco QQQ
CUSIP: 46090E103
Recurring",Buy,0.111666,$447.76,($50.00),0.111666
08/07/2024,08/07/2024,08/07/2024,VWO,Stock Lending,SLIP,,,$0.01,0
08/07/2024,08/07/2024,08/07/2024,INDA,Stock Lending,SLIP,,,$0.01,0
08/07/2024,08/07/2024,08/07/2024,MCHI,Stock Lending,SLIP,,,$0.01,0
08/07/2024,08/07/2024,08/07/2024,XLRE,Stock Lending,SLIP,,,$0.01,0
08/07/2024,08/07/2024,08/07/2024,ARKW,Stock Lending,SLIP,,,$0.01,0
08/07/2024,08/07/2024,08/07/2024,ARKK,Stock Lending,SLIP,,,$0.01,0
08/07/2024,08/07/2024,08/07/2024,ARKQ,Stock Lending,SLIP,,,$0.01,0
08/07/2024,08/07/2024,08/07/2024,IJR,Stock Lending,SLIP,,,$0.01,0
08/07/2024,08/07/2024,08/07/2024,ARKX,Stock Lending,SLIP,,,$0.01,0
08/07/2024,08/07/2024,08/07/2024,AVEM,Stock Lending,SLIP,,,$0.01,0
08/07/2024,08/07/2024,08/07/2024,ARKF,Stock Lending,SLIP,,,$0.01,0
08/07/2024,08/07/2024,08/08/2024,TLT,"iShares 20+ Year Treasury Bond ETF
CUSIP: 464287432
Dividend Reinvestment",Buy,0.046284,$96.36,($4.46),0.046284
08/06/2024,08/06/2024,08/06/2024,TLT,Cash Div: R/D 2024-08-01 P/D 2024-08-06 - 14.166439 shares at 0.314856,CDIV,,,$4.46,0
08/06/2024,08/06/2024,08/07/2024,QQQ,"Invesco QQQ
CUSIP: 46090E103",Buy,0.11423,$437.72,($50.00),0.11423
08/01/2024,08/01/2024,08/02/2024,QQQ,"Invesco QQQ
CUSIP: 46090E103
Recurring",Buy,0.10883,$459.43,($50.00),0.10883
08/01/2024,08/01/2024,08/02/2024,QQQ,"Invesco QQQ
CUSIP: 46090E103
Dividend Reinvestment",Buy,0.001596,$469.92,($0.75),0.001596
7/31/2024,7/31/2024,7/31/2024,QQQ,Cash Div: R/D 2024-06-24 P/D 2024-07-31 - 0.98578 shares at 0.7615,CDIV,,,$0.75,0
7/29/2024,7/29/2024,7/30/2024,ARKK,"ARK Innovation ETF
CUSIP: 00214Q104
Recurring",Buy,1.09553,$45.64,($50.00),1.09553
7/26/2024,7/26/2024,7/29/2024,PBR.A,"Petrobras
CUSIP: 71654V101",Buy,3.753753,$13.32,($50.00),3.753753
7/26/2024,7/26/2024,7/29/2024,AVEM,"Avantis Emerging Markets Equity
CUSIP: 025072604",Buy,1.65755,$60.33,($100.00),1.65755
7/25/2024,7/25/2024,7/26/2024,QQQ,"Invesco QQQ
CUSIP: 46090E103",Buy,0.109026,$458.60,($50.00),0.109026
7/25/2024,7/25/2024,7/26/2024,INDA,"iShares MSCI India ETF
CUSIP: 46429B598",Buy,1.79067,$55.75,($99.83),1.79067
7/25/2024,7/25/2024,7/26/2024,INDA,"iShares MSCI India ETF
CUSIP: 46429B598",Buy,0.003049,$55.75,($0.17),0.003049
7/25/2024,7/25/2024,7/26/2024,QQQ,"Invesco QQQ
CUSIP: 46090E103
Recurring",Buy,0.107531,$464.98,($50.00),0.107531
7/18/2024,7/18/2024,7/19/2024,QQQ,"Invesco QQQ
CUSIP: 46090E103
Recurring",Buy,0.104073,$480.43,($50.00),0.104073
7/16/2024,7/16/2024,7/17/2024,ARKK,"ARK Innovation ETF
CUSIP: 00214Q104",Buy,0.62383,$48.03,($29.96),0.62383
7/16/2024,7/16/2024,7/17/2024,ARKK,"ARK Innovation ETF
CUSIP: 00214Q104",Buy,0.000832,$48.03,($0.04),0.000832
7/16/2024,7/16/2024,7/17/2024,PBR.A,"Petrobras
CUSIP: 71654V101",Buy,0.002826,$14.15,($0.04),0.002826
7/16/2024,7/16/2024,7/17/2024,PBR.A,"Petrobras
CUSIP: 71654V101",Buy,2.965054,$14.15,($41.96),2.965054
7/15/2024,7/15/2024,7/16/2024,ARKK,"ARK Innovation ETF
CUSIP: 00214Q104
Recurring",Buy,1.041232,$48.02,($50.00),1.041232
07/11/2024,07/11/2024,07/12/2024,QQQ,"Invesco QQQ
CUSIP: 46090E103
Recurring",Buy,0.101448,$492.86,($50.00),0.101448
07/11/2024,07/11/2024,07/12/2024,TLT,"iShares 20+ Year Treasury Bond ETF
CUSIP: 464287432",Buy,1,$93.83,($93.83),1
07/09/2024,07/09/2024,07/10/2024,NEE,"NextEra Energy
CUSIP: 65339F101",Buy,4,$72.85,($291.40),4
07/08/2024,07/08/2024,07/09/2024,TLT,"iShares 20+ Year Treasury Bond ETF
CUSIP: 464287432
Dividend Reinvestment",Buy,0.041266,$92.57,($3.82),0.041266
07/05/2024,07/05/2024,07/05/2024,TLT,Cash Div: R/D 2024-07-01 P/D 2024-07-05 - 13.125173 shares at 0.291104,CDIV,,,$3.82,0
07/05/2024,07/05/2024,07/08/2024,QQQ,"Invesco QQQ
CUSIP: 46090E103
Recurring",Buy,0.100808,$495.99,($50.00),0.100808
07/05/2024,07/05/2024,07/05/2024,VOO,Stock Lending,SLIP,,,$0.01,0
07/05/2024,07/05/2024,07/05/2024,ARKX,Stock Lending,SLIP,,,$0.01,0
07/05/2024,07/05/2024,07/05/2024,TLT,Stock Lending,SLIP,,,$0.01,0
07/05/2024,07/05/2024,07/05/2024,ARKQ,Stock Lending,SLIP,,,$0.01,0
07/05/2024,07/05/2024,07/05/2024,ARKW,Stock Lending,SLIP,,,$0.01,0
07/05/2024,07/05/2024,07/05/2024,IJR,Stock Lending,SLIP,,,$0.01,0
07/05/2024,07/05/2024,07/05/2024,MCHI,Stock Lending,SLIP,,,$0.01,0
07/05/2024,07/05/2024,07/05/2024,XLRE,Stock Lending,SLIP,,,$0.01,0
07/05/2024,07/05/2024,07/05/2024,ARKF,Stock Lending,SLIP,,,$0.01,0
07/05/2024,07/05/2024,07/05/2024,AVEM,Stock Lending,SLIP,,,$0.01,0
07/05/2024,07/05/2024,07/05/2024,INDA,Stock Lending,SLIP,,,$0.01,0
07/05/2024,07/05/2024,07/05/2024,ARKK,Stock Lending,SLIP,,,$0.01,0
07/05/2024,07/05/2024,07/05/2024,VWO,Stock Lending,SLIP,,,$0.01,0
07/03/2024,07/03/2024,07/05/2024,VOO,"Vanguard S&P 500 ETF
CUSIP: 922908363
Dividend Reinvestment",Buy,0.192022,$504.89,($96.95),0.192022
07/02/2024,07/02/2024,07/02/2024,VOO,Cash Div: R/D 2024-06-28 P/D 2024-07-02 - 54.361071 shares at 1.7835,CDIV,,,$96.95,0
07/01/2024,07/01/2024,07/02/2024,ARKK,"ARK Innovation ETF
CUSIP: 00214Q104
Recurring",Buy,1.128668,$44.30,($50.00),1.128668
07/01/2024,07/01/2024,07/02/2024,VWO,"Vanguard FTSE Emerging Markets Fund
CUSIP: 922042858",Buy,4.542357,$44.03,($200.00),4.542357
07/01/2024,07/01/2024,07/02/2024,ARKF,"ARK Fintech Innovation
CUSIP: 00214Q708",Buy,2.606363,$27.97,($72.90),2.606363
07/01/2024,07/01/2024,07/02/2024,VOO,"Vanguard S&P 500 ETF
CUSIP: 922908363",Buy,0.19793,$501.28,($99.22),0.19793
07/01/2024,07/01/2024,07/02/2024,ARKQ,"ARK Autonomous Technology & Robotics
CUSIP: 00214Q203",Buy,0.016152,$55.23,($0.89),0.016152
07/01/2024,07/01/2024,07/02/2024,ARKW,"ARK Next Generation Internet
CUSIP: 00214Q401",Buy,0.001272,$78.57,($0.10),0.001272
07/01/2024,07/01/2024,07/02/2024,ARKW,"ARK Next Generation Internet
CUSIP: 00214Q401",Buy,2.544205,$78.57,($199.90),2.544205
07/01/2024,07/01/2024,07/02/2024,ARKK,"ARK Innovation ETF
CUSIP: 00214Q104",Buy,0.007264,$44.05,($0.32),0.007264
07/01/2024,07/01/2024,07/02/2024,ARKK,"ARK Innovation ETF
CUSIP: 00214Q104",Buy,4.533091,$44.05,($199.68),4.533091
07/01/2024,07/01/2024,07/02/2024,ARKQ,"ARK Autonomous Technology & Robotics
CUSIP: 00214Q203",Buy,3.613695,$55.10,($199.11),3.613695
6/28/2024,6/28/2024,07/01/2024,PBR.A,"Petrobras
CUSIP: 71654V101
Dividend Reinvestment",Buy,0.790868,$13.58,($10.74),0.790868
6/28/2024,6/28/2024,07/01/2024,PBR.A,"Petrobras
CUSIP: 71654V101
Dividend Reinvestment",Buy,1.221649,$13.58,($16.59),1.221649
6/28/2024,6/28/2024,07/01/2024,PBR.A,"Petrobras
CUSIP: 71654V101
Dividend Reinvestment",Buy,0.051546,$13.58,($0.70),0.051546
6/28/2024,6/28/2024,07/01/2024,PBR.A,"Petrobras
CUSIP: 71654V101
Dividend Reinvestment",Buy,0.013254,$13.58,($0.18),0.013254
6/27/2024,6/27/2024,6/27/2024,PBR.A,Cash Div: R/D 2024-04-29 P/D 2024-06-27 - 53.061955 shares at 0.010057,CDIV,,,$0.53,0
6/27/2024,6/27/2024,6/27/2024,PBR.A,Foreign Tax Witholding at $0.08,DTAX,,,($0.08),0
6/27/2024,6/27/2024,6/27/2024,PBR.A,Sponsored ADR: Agency Processing Fee at $0.27,DFEE,,,($0.27),0
6/27/2024,6/27/2024,6/27/2024,PBR.A,Cash Div: R/D 2024-04-29 P/D 2024-06-27 - 53.061955 shares at 0.202403,CDIV,,,$10.74,0
6/27/2024,6/27/2024,6/27/2024,PBR.A,Cash Div: R/D 2024-05-06 P/D 2024-06-27 - 53.061955 shares at 0.015532,CDIV,,,$0.82,0
6/27/2024,6/27/2024,6/27/2024,PBR.A,Foreign Tax Witholding at $0.12,DTAX,,,($0.12),0
6/27/2024,6/27/2024,6/27/2024,PBR.A,Cash Div: R/D 2024-05-06 P/D 2024-06-27 - 53.061955 shares at 0.312578,CDIV,,,$16.59,0
6/27/2024,6/27/2024,6/28/2024,XLRE,"Real Estate Select Sector SPDR ETF
CUSIP: 81369Y860
Dividend Reinvestment",Buy,0.575367,$38.08,($21.91),0.575367
6/27/2024,6/27/2024,6/28/2024,AVEM,"Avantis Emerging Markets Equity
CUSIP: 025072604
Dividend Reinvestment",Buy,0.239401,$60.86,($14.57),0.239401
6/26/2024,6/26/2024,6/26/2024,AVEM,Cash Div: R/D 2024-06-24 P/D 2024-06-26 - 25.586586 shares at 0.5694,CDIV,,,$14.57,0
6/26/2024,6/26/2024,6/26/2024,XLRE,Cash Div: R/D 2024-06-24 P/D 2024-06-26 - 56.597555 shares at 0.387111,CDIV,,,$21.91,0
6/26/2024,6/26/2024,6/27/2024,VWO,"Vanguard FTSE Emerging Markets Fund
CUSIP: 922042858
Dividend Reinvestment",Buy,0.055708,$43.62,($2.43),0.055708
6/25/2024,6/25/2024,6/25/2024,VWO,Cash Div: R/D 2024-06-21 P/D 2024-06-25 - 14.26842 shares at 0.1704,CDIV,,,$2.43,0
6/18/2024,6/18/2024,6/20/2024,NEE,"NextEra Energy
CUSIP: 65339F101
Dividend Reinvestment",Buy,0.066571,$70.00,($4.66),0.066571
6/18/2024,6/18/2024,6/20/2024,IJR,"iShares S&P SmallCap 600 ETF
CUSIP: 464287804
Dividend Reinvestment",Buy,0.073947,$105.75,($7.82),0.073947
6/18/2024,6/18/2024,6/20/2024,MCHI,"iShares MSCI China ETF
CUSIP: 46429B671
Dividend Reinvestment",Buy,0.171763,$43.49,($7.47),0.171763
6/17/2024,6/17/2024,6/17/2024,NEE,Cash Div: R/D 2024-06-03 P/D 2024-06-17 - 9.044142 shares at 0.515,CDIV,,,$4.66,0
6/17/2024,6/17/2024,6/17/2024,IJR,Cash Div: R/D 2024-06-11 P/D 2024-06-17 - 20.282579 shares at 0.385723,CDIV,,,$7.82,0
6/17/2024,6/17/2024,6/17/2024,MCHI,Cash Div: R/D 2024-06-11 P/D 2024-06-17 - 39.201928 shares at 0.190546,CDIV,,,$7.47,0
6/17/2024,6/17/2024,6/18/2024,XLRE,"Real Estate Select Sector SPDR ETF
CUSIP: 81369Y860",Sell,13.02761,$38.32,$499.22,-13.02761
6/14/2024,6/14/2024,6/17/2024,INDA,"iShares MSCI India ETF
CUSIP: 46429B598",Buy,0.912741,$54.78,($50.00),0.912741
6/13/2024,6/13/2024,6/14/2024,IJR,"iShares S&P SmallCap 600 ETF
CUSIP: 464287804",Buy,0.003644,$107.02,($0.39),0.003644
6/13/2024,6/13/2024,6/14/2024,IJR,"iShares S&P SmallCap 600 ETF
CUSIP: 464287804",Buy,0.930752,$107.02,($99.61),0.930752
6/13/2024,6/13/2024,6/14/2024,MCHI,"iShares MSCI China ETF
CUSIP: 46429B671",Buy,1.147315,$43.58,($50.00),1.147315
6/13/2024,6/13/2024,6/14/2024,VWO,"Vanguard FTSE Emerging Markets Fund
CUSIP: 922042858",Buy,2.28519,$43.76,($100.00),2.28519
6/13/2024,6/13/2024,6/14/2024,XLRE,"Real Estate Select Sector SPDR ETF
CUSIP: 81369Y860",Buy,2.603901,$38.45,($100.12),2.603901
06/10/2024,06/10/2024,06/11/2024,TLT,"iShares 20+ Year Treasury Bond ETF
CUSIP: 464287432
Dividend Reinvestment",Buy,0.04431,$90.95,($4.03),0.04431
06/07/2024,06/07/2024,06/07/2024,TLT,Cash Div: R/D 2024-06-03 P/D 2024-06-07 - 13.080863 shares at 0.308295,CDIV,,,$4.03,0
06/07/2024,06/07/2024,06/07/2024,MCHI,Stock Lending,SLIP,,,$0.01,0
06/07/2024,06/07/2024,06/07/2024,XLRE,Stock Lending,SLIP,,,$0.01,0
06/07/2024,06/07/2024,06/07/2024,INDA,Stock Lending,SLIP,,,$0.01,0
06/07/2024,06/07/2024,06/07/2024,VWO,Stock Lending,SLIP,,,$0.01,0
06/07/2024,06/07/2024,06/07/2024,VOO,Stock Lending,SLIP,,,$0.01,0
06/07/2024,06/07/2024,06/07/2024,ARKQ,Stock Lending,SLIP,,,$0.01,0
06/07/2024,06/07/2024,06/07/2024,AVEM,Stock Lending,SLIP,,,$0.01,0
06/07/2024,06/07/2024,06/07/2024,ARKW,Stock Lending,SLIP,,,$0.01,0
06/07/2024,06/07/2024,06/07/2024,ARKX,Stock Lending,SLIP,,,$0.01,0
06/07/2024,06/07/2024,06/07/2024,ARKK,Stock Lending,SLIP,,,$0.01,0
06/07/2024,06/07/2024,06/07/2024,IJR,Stock Lending,SLIP,,,$0.01,0
06/07/2024,06/07/2024,06/07/2024,ARKF,Stock Lending,SLIP,,,$0.01,0
5/30/2024,5/30/2024,5/31/2024,PBR.A,"Petrobras
CUSIP: 71654V101
Dividend Reinvestment",Buy,0.026494,$14.72,($0.39),0.026494
5/30/2024,5/30/2024,5/31/2024,PBR.A,"Petrobras
CUSIP: 71654V101
Dividend Reinvestment",Buy,0.756279,$14.73,($11.14),0.756279
5/30/2024,5/30/2024,5/31/2024,PBR.A,"Petrobras
CUSIP: 71654V101
Dividend Reinvestment",Buy,0.041412,$14.73,($0.61),0.041412
5/30/2024,5/30/2024,5/31/2024,PBR.A,"Petrobras
CUSIP: 71654V101
Dividend Reinvestment",Buy,1.195519,$14.73,($17.61),1.195519
5/29/2024,5/29/2024,5/29/2024,PBR.A,Foreign Tax Witholding at $0.07,DTAX,,,($0.07),0
5/29/2024,5/29/2024,5/29/2024,PBR.A,Cash Div: R/D 2024-04-29 P/D 2024-05-28 - 53.061955 shares at 0.00874,CDIV,,,$0.46,0
5/29/2024,5/29/2024,5/29/2024,PBR.A,Sponsored ADR: Agency Processing Fee at $0.27,DFEE,,,($0.27),0
5/29/2024,5/29/2024,5/29/2024,PBR.A,Cash Div: R/D 2024-04-29 P/D 2024-05-28 - 53.061955 shares at 0.214959,CDIV,,,$11.41,0
5/29/2024,5/29/2024,5/29/2024,PBR.A,Cash Div: R/D 2024-05-06 P/D 2024-05-28 - 53.061955 shares at 0.331969,CDIV,,,$17.61,0
5/29/2024,5/29/2024,5/29/2024,PBR.A,Cash Div: R/D 2024-05-06 P/D 2024-05-28 - 53.061955 shares at 0.011473,CDIV,,,$0.61,0
5/24/2024,5/24/2024,5/29/2024,INDA,"iShares MSCI India ETF
CUSIP: 46429B598",Buy,3.69926,$54.10,($200.13),3.69926
05/08/2024,05/08/2024,05/10/2024,TLT,"iShares 20+ Year Treasury Bond ETF
CUSIP: 464287432
Dividend Reinvestment",Buy,0.044353,$90.41,($4.01),0.044353
05/07/2024,05/07/2024,05/07/2024,TLT,Cash Div: R/D 2024-05-02 P/D 2024-05-07 - 13.03651 shares at 0.307743,CDIV,,,$4.01,0
05/06/2024,05/06/2024,05/06/2024,VOO,Stock Lending,SLIP,,,$0.01,0
05/06/2024,05/06/2024,05/06/2024,IJR,Stock Lending,SLIP,,,$0.01,0
05/06/2024,05/06/2024,05/06/2024,INDA,Stock Lending,SLIP,,,$0.01,0
05/06/2024,05/06/2024,05/06/2024,AVEM,Stock Lending,SLIP,,,$0.01,0
05/06/2024,05/06/2024,05/06/2024,ARKX,Stock Lending,SLIP,,,$0.01,0
05/06/2024,05/06/2024,05/06/2024,MCHI,Stock Lending,SLIP,,,$0.01,0
05/06/2024,05/06/2024,05/06/2024,XLRE,Stock Lending,SLIP,,,$0.01,0
05/06/2024,05/06/2024,05/06/2024,PBR.A,Stock Lending,SLIP,,,$0.01,0
05/06/2024,05/06/2024,05/06/2024,ARKG,Stock Lending,SLIP,,,$0.01,0
05/06/2024,05/06/2024,05/06/2024,ARKK,Stock Lending,SLIP,,,$0.01,0
05/06/2024,05/06/2024,05/06/2024,ARKW,Stock Lending,SLIP,,,$0.01,0
05/06/2024,05/06/2024,05/06/2024,ARKF,Stock Lending,SLIP,,,$0.01,0
05/06/2024,05/06/2024,05/06/2024,ARKQ,Stock Lending,SLIP,,,$0.01,0
05/01/2024,05/01/2024,05/03/2024,QQQ,"Invesco QQQ
CUSIP: 46090E103
Dividend Reinvestment",Buy,0.00071,$422.47,($0.30),0.00071
4/30/2024,4/30/2024,4/30/2024,QQQ,Cash Div: R/D 2024-03-19 P/D 2024-04-30 - 0.525565 shares at 0.57345,CDIV,,,$0.30,0
4/18/2024,4/18/2024,4/22/2024,MCHI,"iShares MSCI China ETF
CUSIP: 46429B671",Buy,2.534211,$39.46,($100.00),2.534211
4/16/2024,4/16/2024,4/18/2024,QQQ,"Invesco QQQ
CUSIP: 46090E103
Recurring",Buy,0.232444,$430.21,($100.00),0.232444
4/15/2024,4/15/2024,4/17/2024,VWO,"Vanguard FTSE Emerging Markets Fund
CUSIP: 922042858",Buy,11.98323,$41.76,($500.48),11.98323
04/09/2024,04/09/2024,04/11/2024,QQQ,"Invesco QQQ
CUSIP: 46090E103
Recurring",Buy,0.227061,$440.41,($100.00),0.227061
04/08/2024,04/08/2024,04/10/2024,TLT,"iShares 20+ Year Treasury Bond ETF
CUSIP: 464287432
Dividend Reinvestment",Buy,0.04439,$91.46,($4.06),0.04439
04/05/2024,04/05/2024,04/05/2024,TLT,Cash Div: R/D 2024-04-02 P/D 2024-04-05 - 12.99212 shares at 0.312425,CDIV,,,$4.06,0
04/05/2024,04/05/2024,04/05/2024,AVEM,Stock Lending,SLIP,,,$0.01,0
04/05/2024,04/05/2024,04/05/2024,XLRE,Stock Lending,SLIP,,,$0.01,0
04/05/2024,04/05/2024,04/05/2024,IJR,Stock Lending,SLIP,,,$0.01,0
04/05/2024,04/05/2024,04/05/2024,MCHI,Stock Lending,SLIP,,,$0.01,0
04/05/2024,04/05/2024,04/05/2024,INDA,Stock Lending,SLIP,,,$0.01,0
04/05/2024,04/05/2024,04/05/2024,PBR.A,Stock Lending,SLIP,,,$0.01,0
04/05/2024,04/05/2024,04/05/2024,ARKK,Stock Lending,SLIP,,,$0.01,0
04/05/2024,04/05/2024,04/05/2024,ARKW,Stock Lending,SLIP,,,$0.01,0
04/05/2024,04/05/2024,04/05/2024,ARKG,Stock Lending,SLIP,,,$0.01,0
04/05/2024,04/05/2024,04/05/2024,ARKQ,Stock Lending,SLIP,,,$0.01,0
04/05/2024,04/05/2024,04/05/2024,ARKF,Stock Lending,SLIP,,,$0.01,0
04/02/2024,04/02/2024,04/04/2024,ARKG,"ARK Genomic Revolution ETF
CUSIP: 00214Q302",Sell,5,$27.14,$135.70,-5
04/02/2024,04/02/2024,04/04/2024,MCHI,"iShares MSCI China ETF
CUSIP: 46429B671",Buy,3,$40.53,($121.59),3
3/28/2024,3/28/2024,04/02/2024,PBR.A,"Petrobras
CUSIP: 71654V101
Dividend Reinvestment",Buy,0.025016,$14.79,($0.37),0.025016
3/28/2024,3/28/2024,04/02/2024,PBR.A,"Petrobras
CUSIP: 71654V101
Dividend Reinvestment",Buy,1.212981,$14.79,($17.94),1.212981
3/28/2024,3/28/2024,04/02/2024,VOO,"Vanguard S&P 500 ETF
CUSIP: 922908363
Dividend Reinvestment",Buy,0.173901,$480.79,($83.61),0.173901
3/28/2024,3/28/2024,04/02/2024,IJR,"iShares S&P SmallCap 600 ETF
CUSIP: 464287804
Dividend Reinvestment",Buy,0.059679,$110.59,($6.60),0.059679
3/27/2024,3/27/2024,3/27/2024,PBR.A,Cash Div: R/D 2023-11-24 P/D 2024-03-27 - 68.239057 shares at 0.267889,CDIV,,,$18.28,0
3/27/2024,3/27/2024,3/27/2024,PBR.A,Sponsored ADR: Agency Processing Fee at $0.34,DFEE,,,($0.34),0
3/27/2024,3/27/2024,3/27/2024,VOO,Cash Div: R/D 2024-03-25 P/D 2024-03-27 - 54.18717 shares at 1.5429,CDIV,,,$83.61,0
3/27/2024,3/27/2024,3/27/2024,IJR,Cash Div: R/D 2024-03-22 P/D 2024-03-27 - 20.2229 shares at 0.326291,CDIV,,,$6.60,0
3/27/2024,3/27/2024,3/27/2024,PBR.A,Foreign Tax Witholding at $0.06,DTAX,,,($0.06),0
3/27/2024,3/27/2024,3/27/2024,PBR.A,Cash Div: R/D 2023-11-24 P/D 2024-03-27 - 68.239057 shares at 0.00636,CDIV,,,$0.43,0
3/22/2024,3/22/2024,3/26/2024,XLRE,"Real Estate Select Sector SPDR ETF
CUSIP: 81369Y860
Dividend Reinvestment",Buy,0.45104,$38.91,($17.55),0.45104
3/21/2024,3/21/2024,3/21/2024,XLRE,Cash Div: R/D 2024-03-19 P/D 2024-03-21 - 66.570224 shares at 0.263591,CDIV,,,$17.55,0
3/18/2024,3/18/2024,3/20/2024,NEE,"NextEra Energy
CUSIP: 65339F101
Dividend Reinvestment",Buy,0.077064,$59.95,($4.62),0.077064
3/15/2024,3/15/2024,3/15/2024,NEE,Cash Div: R/D 2024-02-27 P/D 2024-03-15 - 8.967078 shares at 0.515,CDIV,,,$4.62,0
03/08/2024,03/08/2024,03/12/2024,TLT,"iShares 20+ Year Treasury Bond ETF
CUSIP: 464287432
Dividend Reinvestment",Buy,0.039945,$95.63,($3.82),0.039945
03/07/2024,03/07/2024,03/07/2024,TLT,Cash Div: R/D 2024-03-04 P/D 2024-03-07 - 12.952175 shares at 0.295234,CDIV,,,$3.82,0
03/07/2024,03/07/2024,03/07/2024,INDA,Stock Lending,SLIP,,,$0.01,0
03/07/2024,03/07/2024,03/07/2024,ARKF,Stock Lending,SLIP,,,$0.01,0
03/07/2024,03/07/2024,03/07/2024,AVEM,Stock Lending,SLIP,,,$0.01,0
03/07/2024,03/07/2024,03/07/2024,XLRE,Stock Lending,SLIP,,,$0.01,0
03/07/2024,03/07/2024,03/07/2024,ARKK,Stock Lending,SLIP,,,$0.01,0
03/07/2024,03/07/2024,03/07/2024,ARKQ,Stock Lending,SLIP,,,$0.01,0
03/07/2024,03/07/2024,03/07/2024,IJR,Stock Lending,SLIP,,,$0.01,0
03/07/2024,03/07/2024,03/07/2024,ARKW,Stock Lending,SLIP,,,$0.01,0
03/07/2024,03/07/2024,03/07/2024,MCHI,Stock Lending,SLIP,,,$0.01,0
03/07/2024,03/07/2024,03/07/2024,ARKG,Stock Lending,SLIP,,,$0.01,0
2/28/2024,2/28/2024,03/01/2024,PBR.A,"Petrobras
CUSIP: 71654V101
Dividend Reinvestment",Buy,0.377998,$17.09,($6.46),0.377998
2/28/2024,2/28/2024,03/01/2024,PBR.A,"Petrobras
CUSIP: 71654V101
Dividend Reinvestment",Buy,0.597425,$17.09,($10.21),0.597425
2/27/2024,2/27/2024,2/27/2024,PBR.A,Sponsored ADR: Agency Processing Fee at $0.34,DFEE,,,($0.34),0
2/27/2024,2/27/2024,2/27/2024,PBR.A,Cash Div: R/D 2023-11-24 P/D 2024-02-27 - 68.239057 shares at 0.0997352,CDIV,,,$6.81,0
2/27/2024,2/27/2024,2/27/2024,PBR.A,Foreign Tax Witholding at $0.01,DTAX,,,($0.01),0
2/27/2024,2/27/2024,2/27/2024,PBR.A,Foreign Tax Witholding at $1.80,DTAX,,,($1.80),0
2/27/2024,2/27/2024,2/27/2024,PBR.A,Cash Div: R/D 2023-11-24 P/D 2024-02-27 - 68.239057 shares at 0.1760265,CDIV,,,$12.01,0
02/08/2024,02/08/2024,02/12/2024,TLT,"iShares 20+ Year Treasury Bond ETF
CUSIP: 464287432
Dividend Reinvestment",Buy,0.042612,$93.87,($4.00),0.042612
02/07/2024,02/07/2024,02/07/2024,TLT,Cash Div: R/D 2024-02-02 P/D 2024-02-07 - 12.909563 shares at 0.310122,CDIV,,,$4.00,0
02/07/2024,02/07/2024,02/07/2024,XLRE,Stock Lending,SLIP,,,$0.01,0
02/07/2024,02/07/2024,02/07/2024,MBB,Stock Lending,SLIP,,,$0.01,0
02/07/2024,02/07/2024,02/07/2024,MCHI,Stock Lending,SLIP,,,$0.01,0
02/07/2024,02/07/2024,02/07/2024,SUSC,Stock Lending,SLIP,,,$0.01,0
02/07/2024,02/07/2024,02/07/2024,INDA,Stock Lending,SLIP,,,$0.01,0
02/07/2024,02/07/2024,02/07/2024,AVEM,Stock Lending,SLIP,,,$0.02,0
02/07/2024,02/07/2024,02/07/2024,ARKF,Stock Lending,SLIP,,,$0.01,0
02/07/2024,02/07/2024,02/07/2024,ARKW,Stock Lending,SLIP,,,$0.01,0
02/07/2024,02/07/2024,02/07/2024,ARKQ,Stock Lending,SLIP,,,$0.01,0
02/07/2024,02/07/2024,02/07/2024,ARKK,Stock Lending,SLIP,,,$0.01,0
02/07/2024,02/07/2024,02/07/2024,IJR,Stock Lending,SLIP,,,$0.01,0
02/07/2024,02/07/2024,02/07/2024,ARKG,Stock Lending,SLIP,,,$0.01,0
1/17/2024,1/17/2024,1/19/2024,QQQ,"Invesco QQQ
CUSIP: 46090E103
Dividend Reinvestment",Buy,0.000272,$404.33,($0.11),0.000272
1/16/2024,1/16/2024,1/16/2024,QQQ,Cash Div: R/D 2023-12-28 P/D 2024-01-16 - 0.524242 shares at 0.21584,CDIV,,,$0.11,0
01/08/2024,01/08/2024,01/08/2024,VOO,Stock Lending,SLIP,,,$0.01,0
01/08/2024,01/08/2024,01/08/2024,XLRE,Stock Lending,SLIP,,,$0.01,0
01/08/2024,01/08/2024,01/08/2024,MCHI,Stock Lending,SLIP,,,$0.01,0
01/08/2024,01/08/2024,01/08/2024,SUSC,Stock Lending,SLIP,,,$0.01,0
01/08/2024,01/08/2024,01/08/2024,INDA,Stock Lending,SLIP,,,$0.01,0
01/08/2024,01/08/2024,01/08/2024,ARKK,Stock Lending,SLIP,,,$0.01,0
01/08/2024,01/08/2024,01/08/2024,ARKG,Stock Lending,SLIP,,,$0.01,0
01/08/2024,01/08/2024,01/08/2024,IJR,Stock Lending,SLIP,,,$0.01,0
01/08/2024,01/08/2024,01/08/2024,MBB,Stock Lending,SLIP,,,$0.01,0
01/08/2024,01/08/2024,01/08/2024,ARKQ,Stock Lending,SLIP,,,$0.01,0
01/08/2024,01/08/2024,01/08/2024,AVEM,Stock Lending,SLIP,,,$0.07,0
01/08/2024,01/08/2024,01/08/2024,ARKF,Stock Lending,SLIP,,,$0.01,0
01/08/2024,01/08/2024,01/08/2024,ARKW,Stock Lending,SLIP,,,$0.01,0
01/05/2024,01/05/2024,01/09/2024,PBR.A,"Petrobras
CUSIP: 71654V101
Dividend Reinvestment",Buy,0.023168,$15.97,($0.37),0.023168
01/05/2024,01/05/2024,01/09/2024,PBR.A,"Petrobras
CUSIP: 71654V101
Dividend Reinvestment",Buy,0.206011,$15.97,($3.29),0.206011
01/04/2024,01/04/2024,01/04/2024,PBR.A,Cash Div: R/D 2023-05-01 P/D 2024-01-04 - 16 shares at 0.026632,CDIV,,,$0.43,0
01/04/2024,01/04/2024,01/04/2024,PBR.A,Foreign Tax Witholding at $0.06,DTAX,,,($0.06),0
01/04/2024,01/04/2024,01/04/2024,PBR.A,Cash Div: R/D 2023-05-01 P/D 2024-01-04 - 16 shares at 0.205802,CDIV,,,$3.29,0
01/03/2024,01/03/2024,01/05/2024,SUSB,"iShares Trust iShares ESG Aware 1-5 Year USD Corporate Bond ETF
CUSIP: 46435G243",Sell,7.399189,$24.40,$180.54,-7.399189
01/03/2024,01/03/2024,01/05/2024,MBB,"iShares MBS ETF
CUSIP: 464288588",Sell,1.927639,$93.20,$179.66,-1.927639
01/03/2024,01/03/2024,01/05/2024,SUSC,"iShares Trust iShares ESG Aware USD Corporate Bond ETF
CUSIP: 46435G193",Sell,7.917226,$23.01,$182.18,-7.917226
01/03/2024,01/03/2024,01/05/2024,PBR.A,"Petrobras
CUSIP: 71654V101",Sell,19,$15.83,$300.85,-19
01/03/2024,01/03/2024,01/05/2024,PBR.A,"Petrobras
CUSIP: 71654V101",Sell,0.570707,$15.84,$9.04,-0.570707
01/03/2024,01/03/2024,01/05/2024,QQQ,"Invesco QQQ
CUSIP: 46090E103
Dividend Reinvestment",Buy,0.001051,$399.43,($0.42),0.001051
01/02/2024,01/02/2024,01/02/2024,QQQ,Cash Div: R/D 2023-12-19 P/D 2023-12-29 - 0.524242 shares at 0.80826,CDIV,,,$0.42,0
12/28/2023,12/28/2023,01/02/2024,MCHI,"iShares MSCI China ETF
CUSIP: 46429B671
Dividend Reinvestment",Buy,0.803294,$40.67,($32.67),0.803294
12/28/2023,12/28/2023,01/02/2024,IJR,"iShares S&P SmallCap 600 ETF
CUSIP: 464287804
Dividend Reinvestment",Buy,0.051789,$110.06,($5.70),0.051789
12/27/2023,12/27/2023,12/27/2023,IJR,Cash Div: R/D 2023-12-21 P/D 2023-12-27 - 20.171111 shares at 0.282675,CDIV,,,$5.70,0
12/27/2023,12/27/2023,12/27/2023,MCHI,Cash Div: R/D 2023-12-21 P/D 2023-12-27 - 32.864423 shares at 0.994126,CDIV,,,$32.67,0
12/27/2023,12/27/2023,12/29/2023,VOO,"Vanguard S&P 500 ETF
CUSIP: 922908363
Dividend Reinvestment",Buy,0.222354,$437.14,($97.20),0.222354
12/26/2023,12/26/2023,12/26/2023,VOO,Cash Div: R/D 2023-12-21 P/D 2023-12-26 - 53.964816 shares at 1.8011,CDIV,,,$97.20,0
12/26/2023,12/26/2023,12/28/2023,PBR.A,"Petrobras
CUSIP: 71654V101
Dividend Reinvestment",Buy,0.993502,$15.39,($15.29),0.993502
12/22/2023,12/22/2023,12/22/2023,PBR.A,Cash Div: R/D 2023-08-23 P/D 2023-12-22 - 67.332611 shares at 0.2322023,CDIV,,,$15.63,0
12/22/2023,12/22/2023,12/22/2023,PBR.A,Sponsored ADR: Agency Processing Fee at $0.34,DFEE,,,($0.34),0
12/22/2023,12/22/2023,12/27/2023,AVEM,"Avantis Emerging Markets Equity
CUSIP: 025072604
Dividend Reinvestment",Buy,0.51774,$55.24,($28.60),0.51774
12/22/2023,12/22/2023,12/27/2023,XLRE,"Real Estate Select Sector SPDR ETF
CUSIP: 81369Y860
Dividend Reinvestment",Buy,0.694736,$39.90,($27.72),0.694736
12/21/2023,12/21/2023,12/21/2023,XLRE,Cash Div: R/D 2023-12-19 P/D 2023-12-21 - 65.875488 shares at 0.420763,CDIV,,,$27.72,0
12/21/2023,12/21/2023,12/21/2023,AVEM,Cash Div: R/D 2023-12-19 P/D 2023-12-21 - 25.068846 shares at 1.141,CDIV,,,$28.60,0
12/21/2023,12/21/2023,12/26/2023,SUSB,"iShares Trust iShares ESG Aware 1-5 Year USD Corporate Bond ETF
CUSIP: 46435G243
Dividend Reinvestment",Buy,0.019664,$24.41,($0.48),0.019664
12/21/2023,12/21/2023,12/26/2023,TLT,"iShares 20+ Year Treasury Bond ETF
CUSIP: 464287432
Dividend Reinvestment",Buy,0.040269,$99.33,($4.00),0.040269
12/21/2023,12/21/2023,12/26/2023,MBB,"iShares MBS ETF
CUSIP: 464288588
Dividend Reinvestment",Buy,0.005655,$93.71,($0.53),0.005655
12/21/2023,12/21/2023,12/26/2023,SUSC,"iShares Trust iShares ESG Aware USD Corporate Bond ETF
CUSIP: 46435G193
Dividend Reinvestment",Buy,0.027155,$23.20,($0.63),0.027155
12/20/2023,12/20/2023,12/20/2023,SUSC,Cash Div: R/D 2023-12-15 P/D 2023-12-20 - 7.890071 shares at 0.079864,CDIV,,,$0.63,0
12/20/2023,12/20/2023,12/20/2023,SUSB,Cash Div: R/D 2023-12-15 P/D 2023-12-20 - 7.379525 shares at 0.065423,CDIV,,,$0.48,0
12/20/2023,12/20/2023,12/20/2023,TLT,Cash Div: R/D 2023-12-15 P/D 2023-12-20 - 12.869294 shares at 0.310534,CDIV,,,$4.00,0
12/20/2023,12/20/2023,12/20/2023,MBB,Cash Div: R/D 2023-12-15 P/D 2023-12-20 - 1.921984 shares at 0.275714,CDIV,,,$0.53,0
12/18/2023,12/18/2023,12/20/2023,NEE,"NextEra Energy
CUSIP: 65339F101
Dividend Reinvestment",Buy,0.068152,$61.04,($4.16),0.068152
12/15/2023,12/15/2023,12/15/2023,NEE,Cash Div: R/D 2023-11-24 P/D 2023-12-15 - 8.898926 shares at 0.4675,CDIV,,,$4.16,0
12/12/2023,12/12/2023,12/14/2023,INDA,"iShares MSCI India ETF
CUSIP: 46429B598
Recurring",Buy,2.114164,$47.30,($100.00),2.114164
12/08/2023,12/08/2023,12/12/2023,SUSB,"iShares Trust iShares ESG Aware 1-5 Year USD Corporate Bond ETF
CUSIP: 46435G243
Dividend Reinvestment",Buy,0.020256,$24.19,($0.49),0.020256
12/08/2023,12/08/2023,12/12/2023,SUSC,"iShares Trust iShares ESG Aware USD Corporate Bond ETF
CUSIP: 46435G193
Dividend Reinvestment",Buy,0.028218,$22.68,($0.64),0.028218
12/08/2023,12/08/2023,12/12/2023,MBB,"iShares MBS ETF
CUSIP: 464288588
Dividend Reinvestment",Buy,0.005903,$91.47,($0.54),0.005903
12/08/2023,12/08/2023,12/12/2023,TLT,"iShares 20+ Year Treasury Bond ETF
CUSIP: 464287432
Dividend Reinvestment",Buy,0.039263,$94.49,($3.71),0.039263
12/07/2023,12/07/2023,12/07/2023,TLT,Cash Div: R/D 2023-12-04 P/D 2023-12-07 - 12.830031 shares at 0.28892,CDIV,,,$3.71,0
12/07/2023,12/07/2023,12/07/2023,MBB,Cash Div: R/D 2023-12-04 P/D 2023-12-07 - 1.916081 shares at 0.280375,CDIV,,,$0.54,0
12/07/2023,12/07/2023,12/07/2023,SUSB,Cash Div: R/D 2023-12-04 P/D 2023-12-07 - 7.359269 shares at 0.066703,CDIV,,,$0.49,0
12/07/2023,12/07/2023,12/07/2023,SUSC,Cash Div: R/D 2023-12-04 P/D 2023-12-07 - 7.861853 shares at 0.081769,CDIV,,,$0.64,0
12/07/2023,12/07/2023,12/07/2023,TLT,Stock Lending,SLIP,,,$0.01,0
12/07/2023,12/07/2023,12/07/2023,SUSC,Stock Lending,SLIP,,,$0.01,0
12/07/2023,12/07/2023,12/07/2023,XLRE,Stock Lending,SLIP,,,$0.01,0
12/07/2023,12/07/2023,12/07/2023,INDA,Stock Lending,SLIP,,,$0.01,0
12/07/2023,12/07/2023,12/07/2023,MBB,Stock Lending,SLIP,,,$0.01,0
12/07/2023,12/07/2023,12/07/2023,AVEM,Stock Lending,SLIP,,,$0.04,0
12/07/2023,12/07/2023,12/07/2023,IJR,Stock Lending,SLIP,,,$0.01,0
12/07/2023,12/07/2023,12/07/2023,MCHI,Stock Lending,SLIP,,,$0.01,0
12/07/2023,12/07/2023,12/07/2023,ARKK,Stock Lending,SLIP,,,$0.01,0
12/07/2023,12/07/2023,12/07/2023,ARKF,Stock Lending,SLIP,,,$0.01,0
12/07/2023,12/07/2023,12/07/2023,ARKG,Stock Lending,SLIP,,,$0.01,0
12/07/2023,12/07/2023,12/07/2023,ARKW,Stock Lending,SLIP,,,$0.01,0
12/05/2023,12/05/2023,12/07/2023,INDA,"iShares MSCI India ETF
CUSIP: 46429B598
Recurring",Buy,2.117746,$47.22,($100.00),2.117746
12/01/2023,12/01/2023,12/05/2023,PBR.A,"Petrobras
CUSIP: 71654V101
Dividend Reinvestment",Buy,0.586017,$14.59,($8.55),0.586017
12/01/2023,12/01/2023,12/05/2023,PBR.A,"Petrobras
CUSIP: 71654V101
Dividend Reinvestment",Buy,0.371487,$14.59,($5.42),0.371487
11/30/2023,11/30/2023,11/30/2023,PBR.A,Sponsored ADR: Agency Processing Fee at $0.34,DFEE,,,($0.34),0
11/30/2023,11/30/2023,11/30/2023,PBR.A,Cash Div: R/D 2023-08-23 P/D 2023-11-30 - 67.332611 shares at 0.085546,CDIV,,,$5.76,0
11/30/2023,11/30/2023,11/30/2023,PBR.A,Cash Div: R/D 2023-08-23 P/D 2023-11-30 - 67.332611 shares at 0.149467,CDIV,,,$10.06,0
11/30/2023,11/30/2023,11/30/2023,PBR.A,Foreign Tax Witholding at $1.51,DTAX,,,($1.51),0
11/28/2023,11/28/2023,11/30/2023,INDA,"iShares MSCI India ETF
CUSIP: 46429B598
Recurring",Buy,2.198768,$45.48,($100.00),2.198768
11/24/2023,11/24/2023,11/28/2023,MCHI,"iShares MSCI China ETF
CUSIP: 46429B671",Buy,6.918819,$43.36,($300.00),6.918819
11/21/2023,11/21/2023,11/24/2023,VOO,"Vanguard S&P 500 ETF
CUSIP: 922908363
Recurring",Buy,0.48063,$416.12,($200.00),0.48063
11/21/2023,11/21/2023,11/24/2023,NEE,"NextEra Energy
CUSIP: 65339F101",Buy,1.7452,$57.30,($100.00),1.7452
11/21/2023,11/21/2023,11/24/2023,QQQ,"Invesco QQQ
CUSIP: 46090E103",Buy,0.258427,$386.96,($100.00),0.258427
11/21/2023,11/21/2023,11/24/2023,TLT,"iShares 20+ Year Treasury Bond ETF
CUSIP: 464287432",Buy,0.551176,$90.72,($50.00),0.551176
11/21/2023,11/21/2023,11/24/2023,AVEM,"Avantis Emerging Markets Equity
CUSIP: 025072604",Buy,0.000363,$54.99,($0.02),0.000363
11/21/2023,11/21/2023,11/24/2023,AVEM,"Avantis Emerging Markets Equity
CUSIP: 025072604",Buy,1.818016,$54.99,($99.98),1.818016
11/21/2023,11/21/2023,11/24/2023,MCHI,"iShares MSCI China ETF
CUSIP: 46429B671",Buy,5.761032,$43.40,($250.00),5.761032
11/21/2023,11/21/2023,11/24/2023,SUSB,"iShares Trust iShares ESG Aware 1-5 Year USD Corporate Bond ETF
CUSIP: 46435G243",Buy,0.167534,$24.00,($4.02),0.167534
11/21/2023,11/21/2023,11/24/2023,SUSB,"iShares Trust iShares ESG Aware 1-5 Year USD Corporate Bond ETF
CUSIP: 46435G243",Buy,4,$24.00,($95.98),4
11/21/2023,11/21/2023,11/24/2023,MBB,"iShares MBS ETF
CUSIP: 464288588",Buy,0.106623,$90.36,($9.63),0.106623
11/21/2023,11/21/2023,11/24/2023,MBB,"iShares MBS ETF
CUSIP: 464288588",Buy,1,$90.37,($90.37),1
11/21/2023,11/21/2023,11/24/2023,SUSC,"iShares Trust iShares ESG Aware USD Corporate Bond ETF
CUSIP: 46435G193",Buy,4.50049,$22.22,($100.00),4.50049
11/21/2023,11/21/2023,11/21/2023,,Interest on Contribution (IRA Match),MTCH,,,$93.54,0
11/21/2023,11/21/2023,11/21/2023,VOO,"Vanguard S&P 500 ETF
CUSIP: 922908363",ACATI,6,,,6
11/21/2023,11/21/2023,11/21/2023,,"ACAT IN control_num = 20233210024524, firm_id = 0226, acct_num = 226832163",ACATI,,,"$6,850.26",0
11/16/2023,11/16/2023,11/16/2023,,Interest on Contribution (IRA Match),MTCH,,,$0.10,0
11/16/2023,11/16/2023,11/16/2023,,"ACAT IN control_num = 20233180048925, firm_id = 0226, acct_num = 226832163",ACATI,,,$10.00,0
11/08/2023,11/08/2023,11/10/2023,SUSB,"iShares Trust iShares ESG Aware 1-5 Year USD Corporate Bond ETF
CUSIP: 46435G243
Dividend Reinvestment",Buy,0.008389,$23.84,($0.20),0.008389
11/08/2023,11/08/2023,11/10/2023,TLT,"iShares 20+ Year Treasury Bond ETF
CUSIP: 464287432
Dividend Reinvestment",Buy,0.039467,$88.68,($3.50),0.039467
11/08/2023,11/08/2023,11/10/2023,MBB,"iShares MBS ETF
CUSIP: 464288588
Dividend Reinvestment",Buy,0.002473,$88.95,($0.22),0.002473
11/08/2023,11/08/2023,11/10/2023,SUSC,"iShares Trust iShares ESG Aware USD Corporate Bond ETF
CUSIP: 46435G193
Dividend Reinvestment",Buy,0.011926,$21.80,($0.26),0.011926
11/07/2023,11/07/2023,11/07/2023,SUSC,Cash Div: R/D 2023-11-02 P/D 2023-11-07 - 3.349437 shares at 0.07739,CDIV,,,$0.26,0
11/07/2023,11/07/2023,11/07/2023,TLT,Cash Div: R/D 2023-11-02 P/D 2023-11-07 - 12.239388 shares at 0.286291,CDIV,,,$3.50,0
11/07/2023,11/07/2023,11/07/2023,SUSB,Cash Div: R/D 2023-11-02 P/D 2023-11-07 - 3.183346 shares at 0.062162,CDIV,,,$0.20,0
11/07/2023,11/07/2023,11/07/2023,MBB,Cash Div: R/D 2023-11-02 P/D 2023-11-07 - 0.806985 shares at 0.273535,CDIV,,,$0.22,0
11/07/2023,11/07/2023,11/09/2023,NEE,"NextEra Energy
CUSIP: 65339F101
Recurring",Buy,1.703867,$58.69,($100.00),1.703867
11/06/2023,11/06/2023,11/06/2023,INDA,Stock Lending,SLIP,,,$0.01,0
11/06/2023,11/06/2023,11/06/2023,XLRE,Stock Lending,SLIP,,,$0.01,0
11/06/2023,11/06/2023,11/06/2023,SUSC,Stock Lending,SLIP,,,$0.01,0
11/06/2023,11/06/2023,11/06/2023,MCHI,Stock Lending,SLIP,,,$0.01,0
11/06/2023,11/06/2023,11/06/2023,AVEM,Stock Lending,SLIP,,,$0.15,0
11/06/2023,11/06/2023,11/06/2023,IJR,Stock Lending,SLIP,,,$0.01,0
11/06/2023,11/06/2023,11/06/2023,ARKW,Stock Lending,SLIP,,,$0.01,0
11/06/2023,11/06/2023,11/06/2023,ARKF,Stock Lending,SLIP,,,$0.01,0
11/06/2023,11/06/2023,11/06/2023,ARKG,Stock Lending,SLIP,,,$0.01,0
11/06/2023,11/06/2023,11/06/2023,ARKK,Stock Lending,SLIP,,,$0.01,0
11/01/2023,11/01/2023,11/03/2023,QQQ,"Invesco QQQ
CUSIP: 46090E103
Dividend Reinvestment",Buy,0.000395,$354.26,($0.14),0.000395
10/31/2023,10/31/2023,10/31/2023,QQQ,Cash Div: R/D 2023-09-19 P/D 2023-10-31 - 0.26542 shares at 0.53555,CDIV,,,$0.14,0
10/31/2023,10/31/2023,11/02/2023,NEE,"NextEra Energy
CUSIP: 65339F101
Recurring",Buy,1.712915,$58.38,($100.00),1.712915
10/24/2023,10/24/2023,10/26/2023,NEE,"NextEra Energy
CUSIP: 65339F101
Recurring",Buy,1.81719,$55.03,($100.00),1.81719
10/20/2023,10/20/2023,10/24/2023,NEE,"NextEra Energy
CUSIP: 65339F101",Buy,1.919754,$52.09,($100.00),1.919754
10/17/2023,10/17/2023,10/19/2023,VOO,"Vanguard S&P 500 ETF
CUSIP: 922908363",Sell,0.000299,$400.08,$0.12,-0.000299
10/17/2023,10/17/2023,10/19/2023,VOO,"Vanguard S&P 500 ETF
CUSIP: 922908363",Sell,3,$400.08,"$1,200.23",-3
10/17/2023,10/17/2023,10/19/2023,VOO,"Vanguard S&P 500 ETF
CUSIP: 922908363",Sell,0.196166,$400.12,$78.49,-0.196166
10/09/2023,10/09/2023,10/11/2023,SUSB,"iShares Trust iShares ESG Aware 1-5 Year USD Corporate Bond ETF
CUSIP: 46435G243
Dividend Reinvestment",Buy,0.007578,$23.75,($0.18),0.007578
10/09/2023,10/09/2023,10/11/2023,SUSC,"iShares Trust iShares ESG Aware USD Corporate Bond ETF
CUSIP: 46435G193
Dividend Reinvestment",Buy,0.011622,$21.51,($0.25),0.011622
10/09/2023,10/09/2023,10/11/2023,MBB,"iShares MBS ETF
CUSIP: 464288588
Dividend Reinvestment",Buy,0.002609,$88.13,($0.23),0.002609
10/09/2023,10/09/2023,10/11/2023,TLT,"iShares 20+ Year Treasury Bond ETF
CUSIP: 464287432
Dividend Reinvestment",Buy,0.039929,$85.65,($3.42),0.039929
10/06/2023,10/06/2023,10/06/2023,SUSC,Cash Div: R/D 2023-10-03 P/D 2023-10-06 - 3.337815 shares at 0.073424,CDIV,,,$0.25,0
10/06/2023,10/06/2023,10/06/2023,MBB,Cash Div: R/D 2023-10-03 P/D 2023-10-06 - 0.804376 shares at 0.290368,CDIV,,,$0.23,0
10/06/2023,10/06/2023,10/06/2023,SUSB,Cash Div: R/D 2023-10-03 P/D 2023-10-06 - 3.175768 shares at 0.057653,CDIV,,,$0.18,0
10/06/2023,10/06/2023,10/06/2023,TLT,Cash Div: R/D 2023-10-03 P/D 2023-10-06 - 12.199459 shares at 0.280014,CDIV,,,$3.42,0
10/06/2023,10/06/2023,10/06/2023,SUSC,Stock Lending,SLIP,,,$0.01,0
10/06/2023,10/06/2023,10/06/2023,AVEM,Stock Lending,SLIP,,,$0.33,0
10/06/2023,10/06/2023,10/06/2023,ARKF,Stock Lending,SLIP,,,$0.01,0
10/06/2023,10/06/2023,10/06/2023,VOO,Stock Lending,SLIP,,,$0.01,0
10/06/2023,10/06/2023,10/06/2023,IJR,Stock Lending,SLIP,,,$0.01,0
10/06/2023,10/06/2023,10/06/2023,INDA,Stock Lending,SLIP,,,$0.01,0
10/06/2023,10/06/2023,10/06/2023,XLRE,Stock Lending,SLIP,,,$0.01,0
10/06/2023,10/06/2023,10/06/2023,TLT,Stock Lending,SLIP,,,$0.01,0
10/06/2023,10/06/2023,10/06/2023,MCHI,Stock Lending,SLIP,,,$0.01,0
10/06/2023,10/06/2023,10/06/2023,ARKW,Stock Lending,SLIP,,,$0.01,0
10/06/2023,10/06/2023,10/06/2023,ARKG,Stock Lending,SLIP,,,$0.01,0
10/06/2023,10/06/2023,10/06/2023,ARKK,Stock Lending,SLIP,,,$0.01,0
10/04/2023,10/04/2023,10/06/2023,VOO,"Vanguard S&P 500 ETF
CUSIP: 922908363
Dividend Reinvestment",Buy,0.194652,$387.10,($75.35),0.194652
10/03/2023,10/03/2023,10/03/2023,VOO,Cash Div: R/D 2023-09-29 P/D 2023-10-03 - 50.485999 shares at 1.4925,CDIV,,,$75.35,0
10/03/2023,10/03/2023,10/05/2023,IJR,"iShares S&P SmallCap 600 ETF
CUSIP: 464287804
Dividend Reinvestment",Buy,0.100424,$91.81,($9.22),0.100424
10/02/2023,10/02/2023,10/02/2023,IJR,Cash Div: R/D 2023-09-27 P/D 2023-10-02 - 20.070687 shares at 0.459184,CDIV,,,$9.22,0
9/28/2023,9/28/2023,10/02/2023,PBR.A,"Petrobras
CUSIP: 71654V101
Dividend Reinvestment",Buy,0.475806,$13.64,($6.49),0.475806
9/27/2023,9/27/2023,9/27/2023,PBR.A,Sponsored ADR: Agency Processing Fee at $0.08,DFEE,,,($0.08),0
9/27/2023,9/27/2023,9/27/2023,PBR.A,Cash Div: R/D 2023-06-14 P/D 2023-09-27 - 16.866411 shares at 0.3897536,CDIV,,,$6.57,0
9/22/2023,9/22/2023,9/26/2023,XLRE,"Real Estate Select Sector SPDR ETF
CUSIP: 81369Y860
Dividend Reinvestment",Buy,0.545637,$34.84,($19.01),0.545637
9/21/2023,9/21/2023,9/21/2023,XLRE,Cash Div: R/D 2023-09-19 P/D 2023-09-21 - 65.329851 shares at 0.291033,CDIV,,,$19.01,0
9/13/2023,9/13/2023,9/15/2023,XLRE,"Real Estate Select Sector SPDR ETF
CUSIP: 81369Y860",Buy,3.999465,$36.64,($146.54),3.999465
9/13/2023,9/13/2023,9/15/2023,XLRE,"Real Estate Select Sector SPDR ETF
CUSIP: 81369Y860",Buy,0.735635,$36.64,($26.95),0.735635
09/11/2023,09/11/2023,9/13/2023,SUSB,"iShares Trust iShares ESG Aware 1-5 Year USD Corporate Bond ETF
CUSIP: 46435G243
Dividend Reinvestment",Buy,0.007969,$23.84,($0.19),0.007969
09/11/2023,09/11/2023,9/13/2023,SUSC,"iShares Trust iShares ESG Aware USD Corporate Bond ETF
CUSIP: 46435G193
Dividend Reinvestment",Buy,0.011738,$22.15,($0.26),0.011738
09/11/2023,09/11/2023,9/13/2023,MBB,"iShares MBS ETF
CUSIP: 464288588
Dividend Reinvestment",Buy,0.002316,$90.67,($0.21),0.002316
09/11/2023,09/11/2023,9/13/2023,TLT,"iShares 20+ Year Treasury Bond ETF
CUSIP: 464287432
Dividend Reinvestment",Buy,0.037443,$93.74,($3.51),0.037443
09/08/2023,09/08/2023,09/08/2023,MBB,Cash Div: R/D 2023-09-05 P/D 2023-09-08 - 0.80206 shares at 0.264039,CDIV,,,$0.21,0
09/08/2023,09/08/2023,09/08/2023,TLT,Cash Div: R/D 2023-09-05 P/D 2023-09-08 - 12.162016 shares at 0.288579,CDIV,,,$3.51,0
09/08/2023,09/08/2023,09/08/2023,SUSB,Cash Div: R/D 2023-09-05 P/D 2023-09-08 - 3.167799 shares at 0.059396,CDIV,,,$0.19,0
09/08/2023,09/08/2023,09/08/2023,SUSC,Cash Div: R/D 2023-09-05 P/D 2023-09-08 - 3.326077 shares at 0.076913,CDIV,,,$0.26,0
09/08/2023,09/08/2023,09/08/2023,IJR,Stock Lending,SLIP,,,$0.01,0
09/08/2023,09/08/2023,09/08/2023,MCHI,Stock Lending,SLIP,,,$0.01,0
09/08/2023,09/08/2023,09/08/2023,SUSB,Stock Lending,SLIP,,,$0.01,0
09/08/2023,09/08/2023,09/08/2023,XLRE,Stock Lending,SLIP,,,$0.01,0
09/08/2023,09/08/2023,09/08/2023,AVEM,Stock Lending,SLIP,,,$0.72,0
09/08/2023,09/08/2023,09/08/2023,SUSC,Stock Lending,SLIP,,,$0.01,0
09/08/2023,09/08/2023,09/08/2023,INDA,Stock Lending,SLIP,,,$0.01,0
09/08/2023,09/08/2023,09/08/2023,ARKF,Stock Lending,SLIP,,,$0.01,0
09/08/2023,09/08/2023,09/08/2023,TLT,Stock Lending,SLIP,,,$0.01,0
09/08/2023,09/08/2023,09/08/2023,ARKQ,Stock Lending,SLIP,,,$0.01,0
09/08/2023,09/08/2023,09/08/2023,ARKK,Stock Lending,SLIP,,,$0.01,0
09/08/2023,09/08/2023,09/08/2023,ARKG,Stock Lending,SLIP,,,$0.01,0
09/08/2023,09/08/2023,09/08/2023,ARKW,Stock Lending,SLIP,,,$0.01,0
09/05/2023,09/05/2023,09/07/2023,QQQ,"Invesco QQQ
CUSIP: 46090E103",Buy,0.26542,$376.76,($100.00),0.26542
8/28/2023,8/28/2023,8/30/2023,PBR.A,"Petrobras
CUSIP: 71654V101
Dividend Reinvestment",Buy,0.293445,$13.12,($3.85),0.293445
8/28/2023,8/28/2023,8/30/2023,PBR.A,"Petrobras
CUSIP: 71654V101
Dividend Reinvestment",Buy,0.137195,$13.12,($1.80),0.137195
8/25/2023,8/25/2023,8/25/2023,PBR.A,Cash Div: R/D 2023-06-14 P/D 2023-08-25 - 16.866411 shares at 0.2683913,CDIV,,,$4.53,0
8/25/2023,8/25/2023,8/25/2023,PBR.A,Foreign Tax Witholding at $0.68,DTAX,,,($0.68),0
8/25/2023,8/25/2023,8/25/2023,PBR.A,Cash Div: R/D 2023-06-14 P/D 2023-08-25 - 16.866411 shares at 0.1116658,CDIV,,,$1.88,0
8/25/2023,8/25/2023,8/25/2023,PBR.A,Sponsored ADR: Agency Processing Fee at $0.08,DFEE,,,($0.08),0
08/08/2023,08/08/2023,08/10/2023,SUSB,"iShares Trust iShares ESG Aware 1-5 Year USD Corporate Bond ETF
CUSIP: 46435G243
order batcher",Buy,0.007506,$23.98,($0.18),0.007506
08/08/2023,08/08/2023,08/10/2023,SUSC,"iShares Trust iShares ESG Aware USD Corporate Bond ETF
CUSIP: 46435G193
order batcher",Buy,0.011135,$22.45,($0.25),0.011135
08/08/2023,08/08/2023,08/10/2023,MBB,"iShares MBS ETF
CUSIP: 464288588
order batcher",Buy,0.002387,$92.16,($0.22),0.002387
08/08/2023,08/08/2023,08/10/2023,TLT,"iShares 20+ Year Treasury Bond ETF
CUSIP: 464287432
order batcher",Buy,0.03444,$96.98,($3.34),0.03444
08/07/2023,08/07/2023,08/07/2023,SUSB,Cash Div: R/D 2023-08-02 P/D 2023-08-07 - 3.160293 shares at 0.058374,CDIV,,,$0.18,0
08/07/2023,08/07/2023,08/07/2023,MBB,Cash Div: R/D 2023-08-02 P/D 2023-08-07 - 0.799673 shares at 0.275881,CDIV,,,$0.22,0
08/07/2023,08/07/2023,08/07/2023,SUSC,Cash Div: R/D 2023-08-02 P/D 2023-08-07 - 3.314942 shares at 0.075274,CDIV,,,$0.25,0
08/07/2023,08/07/2023,08/07/2023,TLT,Cash Div: R/D 2023-08-02 P/D 2023-08-07 - 12.127576 shares at 0.275282,CDIV,,,$3.34,0
08/07/2023,08/07/2023,08/07/2023,VOO,Stock Lending,SLIP,,,$0.01,0
08/07/2023,08/07/2023,08/07/2023,IJR,Stock Lending,SLIP,,,$0.01,0
08/07/2023,08/07/2023,08/07/2023,ARKF,Stock Lending,SLIP,,,$0.01,0
08/07/2023,08/07/2023,08/07/2023,INDA,Stock Lending,SLIP,,,$0.01,0
08/07/2023,08/07/2023,08/07/2023,MCHI,Stock Lending,SLIP,,,$0.01,0
08/07/2023,08/07/2023,08/07/2023,SUSB,Stock Lending,SLIP,,,$0.01,0
08/07/2023,08/07/2023,08/07/2023,AVEM,Stock Lending,SLIP,,,$0.45,0
08/07/2023,08/07/2023,08/07/2023,SUSC,Stock Lending,SLIP,,,$0.01,0
08/07/2023,08/07/2023,08/07/2023,ARKG,Stock Lending,SLIP,,,$0.01,0
08/07/2023,08/07/2023,08/07/2023,ARKK,Stock Lending,SLIP,,,$0.01,0
08/07/2023,08/07/2023,08/07/2023,ARKW,Stock Lending,SLIP,,,$0.01,0
07/12/2023,07/12/2023,07/12/2023,,Interest on Contribution (IRA Match),MTCH,,,$6.02,0
07/12/2023,07/12/2023,07/12/2023,PBR.A,"Petrobras
CUSIP: 71654V101",ACATI,50,,,50
07/11/2023,07/11/2023,7/13/2023,SUSB,"iShares Trust iShares ESG Aware 1-5 Year USD Corporate Bond ETF
CUSIP: 46435G243
order batcher",Buy,0.007553,$23.83,($0.18),0.007553
07/11/2023,07/11/2023,7/13/2023,SUSC,"iShares Trust iShares ESG Aware USD Corporate Bond ETF
CUSIP: 46435G193
order batcher",Buy,0.01069,$22.45,($0.24),0.01069
07/11/2023,07/11/2023,7/13/2023,MBB,"iShares MBS ETF
CUSIP: 464288588
order batcher",Buy,0.002282,$92.02,($0.21),0.002282
07/11/2023,07/11/2023,7/13/2023,TLT,"iShares 20+ Year Treasury Bond ETF
CUSIP: 464287432
order batcher",Buy,0.033748,$99.56,($3.36),0.033748
07/10/2023,07/10/2023,07/10/2023,TLT,Cash Div: R/D 2023-07-05 P/D 2023-07-10 - 12.093828 shares at 0.277716,CDIV,,,$3.36,0
07/10/2023,07/10/2023,07/10/2023,MBB,Cash Div: R/D 2023-07-05 P/D 2023-07-10 - 0.797391 shares at 0.264112,CDIV,,,$0.21,0
07/10/2023,07/10/2023,07/10/2023,SUSB,Cash Div: R/D 2023-07-05 P/D 2023-07-10 - 3.15274 shares at 0.056924,CDIV,,,$0.18,0
07/10/2023,07/10/2023,07/10/2023,SUSC,Cash Div: R/D 2023-07-05 P/D 2023-07-10 - 3.304252 shares at 0.072359,CDIV,,,$0.24,0
07/10/2023,07/10/2023,07/10/2023,XLRE,Stock Lending,SLIP,,,$0.01,0
07/10/2023,07/10/2023,07/10/2023,VOO,Stock Lending,SLIP,,,$0.01,0
07/10/2023,07/10/2023,07/10/2023,AVEM,Stock Lending,SLIP,,,$0.48,0
07/10/2023,07/10/2023,07/10/2023,ARKF,Stock Lending,SLIP,,,$0.01,0
07/10/2023,07/10/2023,07/10/2023,TLT,Stock Lending,SLIP,,,$0.01,0
07/10/2023,07/10/2023,07/10/2023,INDA,Stock Lending,SLIP,,,$0.01,0
07/10/2023,07/10/2023,07/10/2023,MCHI,Stock Lending,SLIP,,,$0.01,0
07/10/2023,07/10/2023,07/10/2023,ARKG,Stock Lending,SLIP,,,$0.01,0
07/10/2023,07/10/2023,07/10/2023,ARKK,Stock Lending,SLIP,,,$0.01,0
07/10/2023,07/10/2023,07/10/2023,IJR,Stock Lending,SLIP,,,$0.01,0
07/10/2023,07/10/2023,07/10/2023,SUSB,Stock Lending,SLIP,,,$0.01,0
07/10/2023,07/10/2023,07/10/2023,ARKW,Stock Lending,SLIP,,,$0.01,0
07/10/2023,07/10/2023,07/10/2023,SUSC,Stock Lending,SLIP,,,$0.01,0
07/10/2023,07/10/2023,07/10/2023,ARKQ,Stock Lending,SLIP,,,$0.01,0
07/06/2023,07/06/2023,07/10/2023,VOO,"Vanguard S&P 500 ETF
CUSIP: 922908363
order batcher",Buy,0.19712,$402.14,($79.27),0.19712
07/05/2023,07/05/2023,07/05/2023,VOO,Cash Div: R/D 2023-06-30 P/D 2023-07-05 - 50.288879 shares at 1.5762,CDIV,,,$79.27,0
6/26/2023,6/26/2023,6/28/2023,XLRE,"Real Estate Select Sector SPDR ETF
CUSIP: 81369Y860
order batcher",Buy,0.594751,$36.20,($21.53),0.594751
6/26/2023,6/26/2023,6/28/2023,PBR.A,"Petrobras
CUSIP: 71654V101
order batcher",Buy,0.4662,$12.87,($6.00),0.4662
6/26/2023,6/26/2023,6/28/2023,AVEM,"Avantis Emerging Markets Equity
CUSIP: 025072604
order batcher",Buy,0.250467,$53.42,($13.38),0.250467
6/23/2023,6/23/2023,6/23/2023,XLRE,Cash Div: R/D 2023-06-21 P/D 2023-06-23 - 60 shares at 0.35885,CDIV,,,$21.53,0
6/23/2023,6/23/2023,6/23/2023,PBR.A,Cash Div: R/D 2023-05-01 P/D 2023-06-23 - 16 shares at 0.3831666,CDIV,,,$6.13,0
6/23/2023,6/23/2023,6/23/2023,PBR.A,Foreign Tax Witholding at $0.05,DTAX,,,($0.05),0
6/23/2023,6/23/2023,6/23/2023,PBR.A,Sponsored ADR: Agency Processing Fee at $0.08,DFEE,,,($0.08),0
6/23/2023,6/23/2023,6/23/2023,AVEM,Cash Div: R/D 2023-06-21 P/D 2023-06-23 - 23 shares at 0.5818,CDIV,,,$13.38,0
6/14/2023,6/14/2023,6/16/2023,MCHI,"iShares MSCI China ETF
CUSIP: 46429B671
order batcher",Buy,0.145251,$46.54,($6.76),0.145251
6/14/2023,6/14/2023,6/16/2023,MCHI,"iShares MSCI China ETF
CUSIP: 46429B671
order batcher",Buy,0.039321,$46.54,($1.83),0.039321
6/14/2023,6/14/2023,6/16/2023,IJR,"iShares S&P SmallCap 600 ETF
CUSIP: 464287804
order batcher",Buy,0.070687,$99.31,($7.02),0.070687
6/14/2023,6/14/2023,6/16/2023,INDA,"iShares MSCI India ETF
CUSIP: 46429B598
order batcher",Buy,0.057916,$42.82,($2.48),0.057916
6/13/2023,6/13/2023,6/13/2023,IJR,Cash Div: R/D 2023-06-08 P/D 2023-06-13 - 20 shares at 0.351203,CDIV,,,$7.02,0
6/13/2023,6/13/2023,6/13/2023,INDA,Cash Div: R/D 2023-06-08 P/D 2023-06-13 - 31 shares at 0.080071,CDIV,,,$2.48,0
6/13/2023,6/13/2023,6/13/2023,MCHI,Cash Div: R/D 2023-06-08 P/D 2023-06-13 - 20 shares at 0.337912,CDIV,,,$6.76,0
6/13/2023,6/13/2023,6/13/2023,MCHI,Cash Div: R/D 2023-06-08 P/D 2023-06-13 - 20 shares at 0.091277,CDIV,,,$1.83,0
06/08/2023,06/08/2023,06/12/2023,SUSB,"iShares Trust iShares ESG Aware 1-5 Year USD Corporate Bond ETF
CUSIP: 46435G243
order batcher",Buy,0.007112,$23.90,($0.17),0.007112
06/08/2023,06/08/2023,06/12/2023,SUSC,"iShares Trust iShares ESG Aware USD Corporate Bond ETF
CUSIP: 46435G193
order batcher",Buy,0.010661,$22.51,($0.24),0.010661
06/08/2023,06/08/2023,06/12/2023,MBB,"iShares MBS ETF
CUSIP: 464288588
order batcher",Buy,0.002245,$93.52,($0.21),0.002245
06/08/2023,06/08/2023,06/12/2023,TLT,"iShares 20+ Year Treasury Bond ETF
CUSIP: 464287432
order batcher",Buy,0.032426,$101.46,($3.29),0.032426
06/07/2023,06/07/2023,06/07/2023,SUSB,Cash Div: R/D 2023-06-02 P/D 2023-06-07 - 3.145628 shares at 0.055614,CDIV,,,$0.17,0
06/07/2023,06/07/2023,06/07/2023,SUSC,Cash Div: R/D 2023-06-02 P/D 2023-06-07 - 3.293591 shares at 0.072897,CDIV,,,$0.24,0
06/07/2023,06/07/2023,06/07/2023,TLT,Cash Div: R/D 2023-06-02 P/D 2023-06-07 - 12.061402 shares at 0.273047,CDIV,,,$3.29,0
06/07/2023,06/07/2023,06/07/2023,MBB,Cash Div: R/D 2023-06-02 P/D 2023-06-07 - 0.795146 shares at 0.269256,CDIV,,,$0.21,0
06/07/2023,06/07/2023,06/07/2023,XLRE,Stock Lending,SLIP,,,$0.01,0
06/07/2023,06/07/2023,06/07/2023,MCHI,Stock Lending,SLIP,,,$0.01,0
06/07/2023,06/07/2023,06/07/2023,SUSB,Stock Lending,SLIP,,,$0.01,0
06/07/2023,06/07/2023,06/07/2023,SUSC,Stock Lending,SLIP,,,$0.01,0
06/07/2023,06/07/2023,06/07/2023,INDA,Stock Lending,SLIP,,,$0.01,0
06/07/2023,06/07/2023,06/07/2023,AVEM,Stock Lending,SLIP,,,$0.72,0
06/07/2023,06/07/2023,06/07/2023,ARKF,Stock Lending,SLIP,,,$0.01,0
06/07/2023,06/07/2023,06/07/2023,ARKG,Stock Lending,SLIP,,,$0.01,0
06/07/2023,06/07/2023,06/07/2023,ARKK,Stock Lending,SLIP,,,$0.01,0
06/07/2023,06/07/2023,06/07/2023,ARKW,Stock Lending,SLIP,,,$0.01,0
06/07/2023,06/07/2023,06/07/2023,IJR,Stock Lending,SLIP,,,$0.01,0
5/30/2023,5/30/2023,06/01/2023,PBR.A,"Petrobras
CUSIP: 71654V101
order batcher",Buy,0.831106,$10.48,($8.71),0.831106
5/30/2023,5/30/2023,06/01/2023,PBR.A,"Petrobras
CUSIP: 71654V101
order batcher",Buy,0.035305,$10.48,($0.37),0.035305
5/26/2023,5/26/2023,5/26/2023,PBR.A,Foreign Tax Witholding at $0.06,DTAX,,,($0.06),0
5/26/2023,5/26/2023,5/26/2023,PBR.A,Cash Div: R/D 2023-05-01 P/D 2023-05-26 - 16 shares at 0.027161,CDIV,,,$0.43,0
5/26/2023,5/26/2023,5/26/2023,PBR.A,Cash Div: R/D 2023-05-01 P/D 2023-05-26 - 16 shares at 0.549612,CDIV,,,$8.79,0
5/26/2023,5/26/2023,5/26/2023,PBR.A,Sponsored ADR: Agency Processing Fee at $0.08,DFEE,,,($0.08),0
05/08/2023,05/08/2023,05/10/2023,SUSB,"iShares Trust iShares ESG Aware 1-5 Year USD Corporate Bond ETF
CUSIP: 46435G243
order batcher",Buy,0.007056,$24.09,($0.17),0.007056
05/08/2023,05/08/2023,05/10/2023,SUSC,"iShares Trust iShares ESG Aware USD Corporate Bond ETF
CUSIP: 46435G193
order batcher",Buy,0.010549,$22.75,($0.24),0.010549
05/08/2023,05/08/2023,05/10/2023,MBB,"iShares MBS ETF
CUSIP: 464288588
order batcher",Buy,0.002221,$94.51,($0.21),0.002221
05/08/2023,05/08/2023,05/10/2023,TLT,"iShares 20+ Year Treasury Bond ETF
CUSIP: 464287432
order batcher",Buy,0.031054,$103.69,($3.22),0.031054
05/05/2023,05/05/2023,05/05/2023,SUSC,Cash Div: R/D 2023-05-02 P/D 2023-05-05 - 3.283042 shares at 0.072365,CDIV,,,$0.24,0
05/05/2023,05/05/2023,05/05/2023,TLT,Cash Div: R/D 2023-05-02 P/D 2023-05-05 - 12.030348 shares at 0.267995,CDIV,,,$3.22,0
05/05/2023,05/05/2023,05/05/2023,SUSB,Cash Div: R/D 2023-05-02 P/D 2023-05-05 - 3.138572 shares at 0.054795,CDIV,,,$0.17,0
05/05/2023,05/05/2023,05/05/2023,MBB,Cash Div: R/D 2023-05-02 P/D 2023-05-05 - 0.792925 shares at 0.259806,CDIV,,,$0.21,0
05/05/2023,05/05/2023,05/05/2023,ARKG,Stock Lending,SLIP,,,$0.01,0
05/05/2023,05/05/2023,05/05/2023,ARKF,Stock Lending,SLIP,,,$0.01,0
05/05/2023,05/05/2023,05/05/2023,AVEM,Stock Lending,SLIP,,,$0.10,0
05/05/2023,05/05/2023,05/05/2023,ARKW,Stock Lending,SLIP,,,$0.01,0
05/05/2023,05/05/2023,05/05/2023,SUSB,Stock Lending,SLIP,,,$0.01,0
05/05/2023,05/05/2023,05/05/2023,ARKK,Stock Lending,SLIP,,,$0.01,0
05/05/2023,05/05/2023,05/05/2023,XLRE,Stock Lending,SLIP,,,$0.01,0
05/05/2023,05/05/2023,05/05/2023,INDA,Stock Lending,SLIP,,,$0.01,0
4/13/2023,4/13/2023,4/17/2023,PBR.A,"Petrobras
CUSIP: 71654V101",Buy,6,$10.55,($63.30),6
04/12/2023,04/12/2023,4/14/2023,SUSB,"iShares Trust iShares ESG Aware 1-5 Year USD Corporate Bond ETF
CUSIP: 46435G243
order batcher",Buy,0.006633,$24.12,($0.16),0.006633
04/12/2023,04/12/2023,4/14/2023,SUSC,"iShares Trust iShares ESG Aware USD Corporate Bond ETF
CUSIP: 46435G193
order batcher",Buy,0.011708,$23.06,($0.27),0.011708
04/12/2023,04/12/2023,4/14/2023,TLT,"iShares 20+ Year Treasury Bond ETF
CUSIP: 464287432
order batcher",Buy,0.030348,$106.43,($3.23),0.030348
04/12/2023,04/12/2023,4/14/2023,MBB,"iShares MBS ETF
CUSIP: 464288588
order batcher",Buy,0.002106,$94.96,($0.20),0.002106
04/12/2023,04/12/2023,4/14/2023,PBR,"Petrobras
CUSIP: 71654V408",Sell,5.817636,$11.69,$68.01,-5.817636
04/11/2023,04/11/2023,04/11/2023,SUSB,Cash Div: R/D 2023-04-04 P/D 2023-04-10 - 3.131939 shares at 0.051088,CDIV,,,$0.16,0
04/11/2023,04/11/2023,04/11/2023,SUSC,Cash Div: R/D 2023-04-04 P/D 2023-04-10 - 3.271334 shares at 0.081832,CDIV,,,$0.27,0
04/11/2023,04/11/2023,04/11/2023,MBB,Cash Div: R/D 2023-04-04 P/D 2023-04-10 - 0.790819 shares at 0.251347,CDIV,,,$0.20,0
04/11/2023,04/11/2023,04/11/2023,TLT,Cash Div: R/D 2023-04-04 P/D 2023-04-10 - 12 shares at 0.268755,CDIV,,,$3.23,0
04/10/2023,04/10/2023,04/10/2023,INDA,Stock Lending,SLIP,,,$0.01,0
04/10/2023,04/10/2023,04/10/2023,XLRE,Stock Lending,SLIP,,,$0.01,0
04/10/2023,04/10/2023,04/10/2023,SUSB,Stock Lending,SLIP,,,$0.01,0
04/10/2023,04/10/2023,04/10/2023,ARKK,Stock Lending,SLIP,,,$0.01,0
04/10/2023,04/10/2023,04/10/2023,ARKG,Stock Lending,SLIP,,,$0.01,0
04/10/2023,04/10/2023,04/10/2023,ARKF,Stock Lending,SLIP,,,$0.01,0
04/04/2023,04/04/2023,04/04/2023,,Interest on Contribution (IRA Match),MTCH,,,$22.39,0
04/04/2023,04/04/2023,04/04/2023,,Interest on Contribution (IRA Match),MTCH,,,$236.72,0
3/30/2023,3/30/2023,04/03/2023,VOO,"Vanguard S&P 500 ETF
CUSIP: 922908363
order batcher",Buy,0.200895,$370.84,($74.50),0.200895
3/29/2023,3/29/2023,3/29/2023,VOO,Cash Div: R/D 2023-03-27 P/D 2023-03-29 - 50.087984 shares at 1.4874,CDIV,,,$74.50,0
3/27/2023,3/27/2023,3/27/2023,VOO,"Vanguard S&P 500 ETF
CUSIP: 922908363",ACATI,43,,,43
3/27/2023,3/27/2023,3/27/2023,XLRE,"Real Estate Select Sector SPDR ETF
CUSIP: 81369Y860",ACATI,60,,,60
3/27/2023,3/27/2023,3/27/2023,IJR,"iShares S&P SmallCap 600 ETF
CUSIP: 464287804",ACATI,20,,,20
3/27/2023,3/27/2023,3/27/2023,TLT,"iShares 20+ Year Treasury Bond ETF
CUSIP: 464287432",ACATI,12,,,12
3/27/2023,3/27/2023,3/27/2023,AVEM,"Avantis Emerging Markets Equity
CUSIP: 025072604",ACATI,23,,,23
3/27/2023,3/27/2023,3/27/2023,ARKX,"ARK Space Exploration & Innovation
CUSIP: 00214Q807",ACATI,27,,,27
3/27/2023,3/27/2023,3/27/2023,ARKF,"ARK Fintech Innovation
CUSIP: 00214Q708",ACATI,8,,,8
3/27/2023,3/27/2023,3/27/2023,ARKW,"ARK Next Generation Internet
CUSIP: 00214Q401",ACATI,5,,,5
3/27/2023,3/27/2023,3/27/2023,ARKG,"ARK Genomic Revolution ETF
CUSIP: 00214Q302",ACATI,5,,,5
3/27/2023,3/27/2023,3/27/2023,ARKQ,"ARK Autonomous Technology & Robotics
CUSIP: 00214Q203",ACATI,7,,,7
3/27/2023,3/27/2023,3/27/2023,ARKK,"ARK Innovation ETF
CUSIP: 00214Q104",ACATI,9,,,9
3/22/2023,3/22/2023,3/22/2023,PBR.A,"Petrobras
CUSIP: 71654V101",ACATI,10,,,10
3/22/2023,3/22/2023,3/22/2023,MCHI,"iShares MSCI China ETF
CUSIP: 46429B671",ACATI,20,,,20
3/22/2023,3/22/2023,3/22/2023,INDA,"iShares MSCI India ETF
CUSIP: 46429B598",ACATI,31,,,31
03/07/2023,03/07/2023,03/07/2023,SUSC,Cash Div: R/D 2023-03-02 P/D 2023-03-07 - 3.271334 shares at 0.069333,CDIV,,,$0.23,0
03/07/2023,03/07/2023,03/07/2023,SUSB,Cash Div: R/D 2023-03-02 P/D 2023-03-07 - 3.131939 shares at 0.050362,CDIV,,,$0.16,0
03/07/2023,03/07/2023,03/07/2023,MBB,Cash Div: R/D 2023-03-02 P/D 2023-03-07 - 0.790819 shares at 0.250495,CDIV,,,$0.20,0
03/06/2023,03/06/2023,03/06/2023,SUSB,Stock Lending,SLIP,,,$0.01,0
2/21/2023,2/21/2023,2/23/2023,PBR,"Petrobras
CUSIP: 71654V408",Buy,0.823708,$11.52,($9.48),0.823708
2/21/2023,2/21/2023,2/23/2023,PBR,"Petrobras
CUSIP: 71654V408",Buy,4.993928,$11.53,($57.58),4.993928
2/16/2023,2/16/2023,2/21/2023,VOO,"Vanguard S&P 500 ETF
CUSIP: 922908363",Sell,0.178389,$375.77,$67.03,-0.178389
2/16/2023,2/16/2023,2/21/2023,VOO,"Vanguard S&P 500 ETF
CUSIP: 922908363",Sell,0.000079,$375.77,$0.03,-0.000079
02/09/2023,02/09/2023,2/13/2023,VOO,"Vanguard S&P 500 ETF
CUSIP: 922908363",Buy,1.737104,$380.64,($661.22),1.737104
02/09/2023,02/09/2023,2/13/2023,SUSB,"iShares Trust iShares ESG Aware 1-5 Year USD Corporate Bond ETF
CUSIP: 46435G243",Buy,1.999708,$24.02,($48.03),1.999708
02/09/2023,02/09/2023,2/13/2023,SUSB,"iShares Trust iShares ESG Aware 1-5 Year USD Corporate Bond ETF
CUSIP: 46435G243",Buy,0.082032,$24.02,($1.97),0.082032
02/09/2023,02/09/2023,2/13/2023,MBB,"iShares MBS ETF
CUSIP: 464288588",Buy,0.524989,$95.25,($50.00),0.524989
02/09/2023,02/09/2023,2/13/2023,SUSC,"iShares Trust iShares ESG Aware USD Corporate Bond ETF
CUSIP: 46435G193",Buy,1.999636,$23.11,($46.21),1.999636
02/09/2023,02/09/2023,2/13/2023,SUSC,"iShares Trust iShares ESG Aware USD Corporate Bond ETF
CUSIP: 46435G193",Buy,0.164033,$23.10,($3.79),0.164033
02/08/2023,02/08/2023,02/08/2023,,Interest on Contribution (IRA Match),MTCH,,,$4.23,0
02/08/2023,02/08/2023,02/08/2023,,Current Year Contribution,CFIR,,,$423.00,0
02/07/2023,02/07/2023,02/07/2023,SUSB,Cash Div: R/D 2023-02-02 P/D 2023-02-07 - 1.050199 shares at 0.048208,CDIV,,,$0.05,0
02/07/2023,02/07/2023,02/07/2023,SUSC,Cash Div: R/D 2023-02-02 P/D 2023-02-07 - 1.107665 shares at 0.058935,CDIV,,,$0.07,0
02/07/2023,02/07/2023,02/07/2023,MBB,Cash Div: R/D 2023-02-02 P/D 2023-02-07 - 0.26583 shares at 0.243076,CDIV,,,$0.06,0
02/07/2023,02/07/2023,02/07/2023,,Current Year Contribution,CFIR,,,$380.00,0
02/07/2023,02/07/2023,02/07/2023,,Interest on Contribution (IRA Match),MTCH,,,$3.80,0
02/06/2023,02/06/2023,02/06/2023,SUSB,Stock Lending,SLIP,,,$0.01,0
12/27/2022,12/27/2022,12/29/2022,VOO,"Vanguard S&P 500 ETF
CUSIP: 922908363",Buy,5.525568,$351.76,"($1,943.67)",5.525568
12/27/2022,12/27/2022,12/29/2022,VOO,"Vanguard S&P 500 ETF
CUSIP: 922908363",Buy,0.00378,$351.76,($1.33),0.00378
12/20/2022,12/20/2022,12/22/2022,SUSC,"iShares Trust iShares ESG Aware USD Corporate Bond ETF
CUSIP: 46435G193",Buy,0.107665,$22.57,($2.43),0.107665
12/20/2022,12/20/2022,12/22/2022,SUSB,"iShares Trust iShares ESG Aware 1-5 Year USD Corporate Bond ETF
CUSIP: 46435G243",Buy,0.050199,$23.80,($1.19),0.050199
12/20/2022,12/20/2022,12/22/2022,MBB,"iShares MBS ETF
CUSIP: 464288588",Buy,0.26583,$94.04,($25.00),0.26583
12/20/2022,12/20/2022,12/22/2022,SUSB,"iShares Trust iShares ESG Aware 1-5 Year USD Corporate Bond ETF
CUSIP: 46435G243",Buy,1,$23.81,($23.81),1
12/20/2022,12/20/2022,12/22/2022,SUSC,"iShares Trust iShares ESG Aware USD Corporate Bond ETF
CUSIP: 46435G193",Buy,1,$22.57,($22.57),1
12/19/2022,12/19/2022,12/19/2022,,Current Year Contribution,CFIR,,,"$2,000.00",0
12/19/2022,12/19/2022,12/19/2022,,Interest on Contribution (IRA Match),MTCH,,,$20.00,0
,,,,,,,,,
,,,,,,,,,The data provided is for informational purposes only. Please consult a professional tax service or personal tax advisor if you need instructions on how to calculate cost basis or questions regarding your specific tax situation. Reminder: This data does not include Robinhood Crypto or Robinhood Spending activity.